company_id,comp_inte_with,sect
COMP_00001,11:45 RESTAURANT,9
COMP_00002,1XBET NIGERIA (1XBET),634
COMP_00003,24 ELEVEN,7
COMP_00004,247 APARTMENTS,632
COMP_00005,3 J'S HOTEL ABUJA,9
COMP_00006,3C HUB,7
COMP_00007,9MOBILE,2
COMP_00008,@BERNAKIKS_WEARS,7
COMP_00009,A.J DAN PULLO TRANSPORT SERVICE NIG. L.T.D,5
COMP_00010,ABA POWER LIMITED,6
COMP_00011,ABC CARGO EXPRESS,5
COMP_00012,ABC TRANSPORT,5
COMP_00013,ABEGI,9
COMP_00014,ABEOKUTA TEACHING HOSPITAL,4
COMP_00015,ABIA STATE POLYTECHNIC [ABIA POLY],633
COMP_00016,ABIA STATE TEACHING HOSPITAL,4
COMP_00017,ABIA STATE UNIVERSITY [ABSU],633
COMP_00018,ABIGAIL GARDEN PARK,9
COMP_00019,ABSTRACT,9
COMP_00020,ABUBAKAR TAFAWA BALEWA UNIVERSITY TEACHING HOSPITAL,4
COMP_00021,"ABUBAKAR TAFAWA BALEWA UNIVERSITY, BAUCHI [ATBU]",633
COMP_00022,ABUJA AGENTS,632
COMP_00023,ABUJA CONTINENTAL HOTEL,9
COMP_00024,ABUJA ELECTRICITY DISTRIBUTION COMPANY [ABEDC],6
COMP_00025,ABUJA INTERCONTINENTAL,9
COMP_00026,ACADEMY HOSPITAL,4
COMP_00027,ACCESS ARM PENSIONS,1
COMP_00028,ACCESS BANK,1
COMP_00029,ACE REAL ESTATE,632
COMP_00030,ADAELU ESTATE,632
COMP_00031,ADAMAWA STATE UNIVERSITY [ADSU],633
COMP_00032,ADAMAWA SUNSHINE TERMINUS,5
COMP_00033,ADBOND HARVEST AND HOMES,632
COMP_00034,ADE SALM PROPERTY,632
COMP_00035,ADEKUNLE AJASIN UNIVERSITY,633
COMP_00036,ADEMOLA,4
COMP_00037,ADENLE HOSPITAL ILESHA,4
COMP_00038,ADEOYO HOSPITAL,4
COMP_00039,ADONAI HOSPITAL MARAR,4
COMP_00040,ADRON HOMES,632
COMP_00041,AELLA MICROFINANCE BANK,1
COMP_00042,AERO CONTRACTORS,5
COMP_00043,"AFE BABALOLA UNIVERSITY, EKITI [ABUAD]",633
COMP_00044,AFRIEX,1
COMP_00045,AFRIGLOBAL MEDICARE,4
COMP_00046,AFRIMASH,7
COMP_00047,AFRINVEST,1
COMP_00048,AGBOJU HEALTH CENTER,4
COMP_00049,AGODI GARDENS,9
COMP_00050,AGOFUURE MOTORS,5
COMP_00051,AHMADU BELLO UNIVERSITY TEACHING HOSPITAL,4
COMP_00052,"AHMADU BELLO UNIVERSITY, ZARIA [ABU]",633
COMP_00053,AHMED MUSA LOUNGE KD,9
COMP_00054,AIICO INSURANCE [AIICO],3
COMP_00055,"AIR FORCE HOSPITAL, JOS",4
COMP_00056,AIR FRANCE,5
COMP_00057,AIR PEACE,5
COMP_00058,AIRTEL,2
COMP_00059,AIYETORO MEDICAL,4
COMP_00060,AJAYI CROWTHER UNIVERSITY [ACU],633
COMP_00061,AKK HOTEL LOKOJA,9
COMP_00062,AKWA IBOM ELECTRICITY DISTRIBUTION COMPANY,6
COMP_00063,AKWA IBOM STATE POLYTECHNIC,633
COMP_00064,AKWA IBOM STATE UNIVERSITY [AKSU],633
COMP_00065,AKWA IBOM TRANSPORT COMPANY,5
COMP_00066,AL-MUNIFF HOSPITAL KADUNA,4
COMP_00067,ALBINA MEJEEL SPECIALIST HOSPITAL IBA OJO LAGOS,4
COMP_00068,ALIBABA,7
COMP_00069,ALIEXPRESS,7
COMP_00070,ALIFORT HOSPITAL,4
COMP_00071,ALIMOSHO GENERAL HOSPITAL,4
COMP_00072,ALIYYAH HOTELS,9
COMP_00073,ALL PUBLIC UNIVERSITIES,633
COMP_00074,ALL SEASONS HOTEL OWERRI,9
COMP_00075,ALL SOULS HOSPITAL,4
COMP_00076,ALLIANCE HOSPITAL ABUJA,4
COMP_00077,ALLIANZ HMO [ALLIANZ],3
COMP_00078,ALLSTATE EXPRESS TRANSPORT CO. LTD,5
COMP_00079,ALPHA CLINIC,4
COMP_00080,ALPHA GAME AND RESORT,9
COMP_00081,ALPHA NOBIS,632
COMP_00082,AM BAKERY AND RESTAURANTS,9
COMP_00083,AMADHIA,4
COMP_00084,AMALA SKY,9
COMP_00085,AMALA TAX OFFICE,9
COMP_00086,AMALA TIWA N TIWA,9
COMP_00087,AMALA TSQUARE,9
COMP_00088,AMAZON HOTEL,9
COMP_00089,AMAZON KAYAK ABUJA,9
COMP_00090,AMAZONIA RESTAURANT,9
COMP_00091,AMBER RESIDENT,9
COMP_00092,AMBROSE ALLI UNIVERSITY [AAU],633
COMP_00093,AMEOSA MOTORS,5
COMP_00094,AMERICAN UNIVERSITY OF NIGERIA [AUN],633
COMP_00095,AMINA HOSPITAL,4
COMP_00096,AMINU KANO TEACHING HOSPITAL,4
COMP_00097,AMOKE OGE,9
COMP_00098,ANCHOR HMO [ANCHOR],3
COMP_00099,ANCHOR UNIVERSITY,633
COMP_00100,ANCILLIA CATHOLIC EYE CENTER,4
COMP_00101,ANGEL HOSPITAL,4
COMP_00102,ANIYUN HOSPITAL,4
COMP_00103,ANNABREEZE,9
COMP_00104,APEX APARTMENTS,9
COMP_00105,APPLES,9
COMP_00106,"APRIL HOSPITAL, PORT HARCOURT",4
COMP_00107,APT,3
COMP_00108,ARIK AIR,5
COMP_00109,ARM INSURANCE [ARM],3
COMP_00110,ARM INVESTMENT,1
COMP_00111,ARM PENSION,3
COMP_00112,ASABANA BAR,9
COMP_00113,ASHMED SPECIALIST HOSPITAL KADUNA,4
COMP_00114,ASOS,7
COMP_00115,AT PATRICK ENUGU,4
COMP_00116,ATICAN BEACH & RESORT,9
COMP_00117,ATLANTIS PEADETRIC HOSPITAL,4
COMP_00118,ATM NIGERIA LIMITED,5
COMP_00119,AUCHI POLYTECHNIC [AUCHI POLY],633
COMP_00120,AUGUSTINE OKONKWO,632
COMP_00121,AUTO STAR GROUP,5
COMP_00122,AVENUE,9
COMP_00123,AVON HMO,3
COMP_00124,AVON HOSPITAL,4
COMP_00125,AXA HMO [AXA],3
COMP_00126,AXA MANSARD [AXA],3
COMP_00127,AYAURA HOSPITAL,4
COMP_00128,AYODELE MEDICAL CENTER,4
COMP_00129,AZMAN AIR,5
COMP_00130,B LOUNGE,9
COMP_00131,BABCOCK UNIVERSITY,633
COMP_00132,BABZ LOUNGE,9
COMP_00133,BADAGRY GENERAL HOSPITAL,4
COMP_00134,BAFRA INTERNATIONAL HOTEL LIMITED KADUNA,9
COMP_00135,BAKER HOME,632
COMP_00136,BAMBOO INVEST,1
COMP_00137,BAR,9
COMP_00138,BARAU DIKKO SPECIALIST HOSPITAL KADUNA,4
COMP_00139,BARI PHARMACY,4
COMP_00140,BARNAWA PARADISE PARK,9
COMP_00141,BARO DIKKO KADUNA,4
COMP_00142,BARPAC HOTEL BENUE,9
COMP_00143,BASE HOSPITAL,4
COMP_00144,BASKETBALL,634
COMP_00145,BASTION HMO,3
COMP_00146,BAUCHI TO JOS AIRPORT [JOS],5
COMP_00147,BAXI,1
COMP_00148,"BAYERO UNIVERSITY, KANO [BUK]",633
COMP_00149,BAYVIEW SHORTLET,9
COMP_00150,"BAZE UNIVERSITY, ABUJA [BAZE]",633
COMP_00151,BEACHLAND SPECIALIST HOSPITAL,4
COMP_00152,BEACON DIAGNOSTICS,4
COMP_00153,BEACONS,9
COMP_00154,BELLS UNIVERSITY OF TECHNOLOGY [BUT],633
COMP_00155,BENI GOLD HOTEL,9
COMP_00156,"BENI GOLD HOTEL AND APARTMENTS, VICTORIA ISLAND, LAGOS",9
COMP_00157,BENIN ELECTRICITY DISTRIBUTION COMPANY [BEEDC],6
COMP_00158,BENSON IDAHOSA UNIVERSITY [BIU],633
COMP_00159,BENUE LINKS,5
COMP_00160,BENUE STATE UNIVERSITY [BSU],633
COMP_00161,BERNICE SPECIALIST HOSPITAL,4
COMP_00162,BET88U LIMITED (BET88U),634
COMP_00163,BET9JA LIMITED (BET9JA),634
COMP_00164,BETADEY STORES,9
COMP_00165,BETANO LIMITED (BETANO),634
COMP_00166,BETBONANZA LIMITED (BET BONANZA),634
COMP_00167,BETWAY LIMITED (BETWAY),634
COMP_00168,BEX WESTERN,9
COMP_00169,BIBA HOSPITAL KADUNA,4
COMP_00170,BIDEMS VICTORY HOSPITAL,4
COMP_00171,BIG JOE VENTURES,5
COMP_00172,BINEZ HOTEL,9
COMP_00173,BINGHAM UNIVERSITY,633
COMP_00174,BINGHAM UNIVERSITY TEACHING HOSPITAL,4
COMP_00175,BISHOP SHANAHAN HOSPITAL,4
COMP_00176,BISMO HOSPITAL,4
COMP_00177,BITMARTE Z&R NIGERIA,7
COMP_00178,BLACK BERRY,9
COMP_00179,BLACKBELL RESTAURANT,9
COMP_00180,BLACKTWELVE CLOTHING,7
COMP_00181,BLESSED ASSURANCE,4
COMP_00182,BLESSING HOSPITAL,4
COMP_00183,BLUE CROSS HOSPITAL,4
COMP_00184,BLUE HOUSE HOSPITAL,4
COMP_00185,BLUE LIME HOSPITAL,4
COMP_00186,BLUE LINE,5
COMP_00187,BLUE RESORT,9
COMP_00188,BLUEMOOL,632
COMP_00189,BOAT,5
COMP_00190,BOKKU!,7
COMP_00191,BOLT,5
COMP_00192,BON HOTEL,9
COMP_00193,BON HOTEL OCTAGON ABUJA,9
COMP_00194,"BON HOTEL, WARRI",9
COMP_00195,BONNY DELIGHT AGRO FARMS,7
COMP_00196,BONNYWAY MOTORS,5
COMP_00197,BORNO EXPRESS,5
COMP_00198,BORNO STATE UNIVERSITY,633
COMP_00199,BOWEN UNIVERSITY [BU],633
COMP_00200,BRANCH,1
COMP_00201,BRAVANO LOUNGE AND BAR,9
COMP_00202,BRIDGE PARK AND EVENTS,9
COMP_00203,BRIGHTERLIFE HOSPITAL,4
COMP_00204,"BRIGHTON HOTEL, IBADAN",9
COMP_00205,BRILL REALITY LIMITED,632
COMP_00206,BRISK,9
COMP_00207,BROADBASED COMMUNICATIONS,2
COMP_00208,BSUTH MAKURDI,4
COMP_00209,BUA ESTATE,632
COMP_00210,BUCHYMIX,7
COMP_00211,BUKKA HUT,9
COMP_00212,BUKKA SWALLOW,9
COMP_00213,BURGER KING,9
COMP_00214,BUS,5
COMP_00215,BUS RAPID TRANSIT [BRT],5
COMP_00216,BUTH,4
COMP_00217,BUY AND MOVE IN LIMITED,632
COMP_00218,BUYBETTER,7
COMP_00219,BUYPOWER,6
COMP_00220,BWSTARFIRE HOTEL,9
COMP_00221,CAB/ MICRA,5
COMP_00222,CABS,5
COMP_00223,CAFE CHRYSALIS,9
COMP_00224,CALABAR REAL ESTATE AGENTS,632
COMP_00225,CALTON SWISS,9
COMP_00226,CAMEROONIAN CONSULATE ABUJA,8
COMP_00227,CANDY CRUSH,634
COMP_00228,CAPADOCIA,9
COMP_00229,CAPITOL HILL,4
COMP_00230,CAPTAIN COOKS,9
COMP_00231,CARBON BANK,1
COMP_00232,CARITAS UNIVERSITY,633
COMP_00233,CAROLINE BAR,9
COMP_00234,CARS 45,7
COMP_00235,CASA MEXICANA,9
COMP_00236,CBN,8
COMP_00237,CDCARE,7
COMP_00238,"CEC HOTEL, UNN",9
COMP_00239,CEDAR CARE HOSPITAL,4
COMP_00240,CEDARCREST HOSPITAL,4
COMP_00241,CENTENARY PARK,9
COMP_00242,CENTRAL HOSPITAL SAPELE,4
COMP_00243,CHARRISA,9
COMP_00244,"CHECKIN HOTEL, IBADAN",9
COMP_00245,CHEVRON HOSPITAL,4
COMP_00246,CHEVYS,9
COMP_00247,CHICKEN CHANGE RESTAURANT KADUNA,9
COMP_00248,CHICKEN REPUBLICAN,9
COMP_00249,CHILDCARE AND WELLNESS CLINICS,4
COMP_00250,CHIMEX HOSPITAL,4
COMP_00251,CHISCO TRANSPORT LTD.,5
COMP_00252,CHITIS RESTAURANT,9
COMP_00253,CHIZOBA HOSPITAL,4
COMP_00254,CHOWDECK,7
COMP_00255,CHRISTER SPECIALIST DIAGNOSTICS,4
COMP_00256,"CHUJAH HOTEL, AFIKPO",9
COMP_00257,CHUKWUBUIKEM MOTORS,5
COMP_00258,CHUKWUEMEKA ODUMEGWU OJUKWU UNIVERSITY,633
COMP_00259,CHUKWUNONSO HOSPITAL AND MATERNITY NANKA,4
COMP_00260,CIE POWER DISTRIBUTION,6
COMP_00261,CITEC ESTATE MBORA,632
COMP_00262,CITY BAY PARK BENUE,9
COMP_00263,CITY CLINICS ENUGU,4
COMP_00264,CITY MART,9
COMP_00265,CITY OF HOPE,4
COMP_00266,CITY STAR GOMBE,9
COMP_00267,CITY VIEW GUEST HOUSE AND LOUNGE,9
COMP_00268,"CIVIL SERVICE HOSPITAL, ILORIN",4
COMP_00269,CLAY POT EATERY,9
COMP_00270,CLEARLINE HMO,3
COMP_00271,CLEVA,1
COMP_00272,CLINIX HEALTHCARE LTD,4
COMP_00273,CLOUD9,9
COMP_00274,CLOUD9 PROPERTIES,632
COMP_00275,COCOS,9
COMP_00276,CODE ONE,9
COMP_00277,COLDSTONE ICECREAM,9
COMP_00278,"COLLEGE OF AGRICULTURE AND TECHNOLOGY, IGBOORA",633
COMP_00279,COLLEGE OF EDUCATION ZUBA,633
COMP_00280,COMMERCIAL VEHICLES,5
COMP_00281,CONSOLIDATED HALLMARK,3
COMP_00282,COOUTH ANAMBRA,4
COMP_00283,COPORATE AFFAIRS COMM (CAC),8
COMP_00284,CORNERSTONE INSURANCE [CORNERSTONE],3
COMP_00285,CORONATION INSURANCE PLC [CORONATION],3
COMP_00286,COTTAGE HOSPITAL GIRIE,4
COMP_00287,COUNTRY KITCHEN,9
COMP_00288,COUNTY HOSPITAL,4
COMP_00289,COVENANT UNIVERSITY [CU],633
COMP_00290,COWRYWISE,1
COMP_00291,CRAVINGS,9
COMP_00292,CRAWFORD UNIVERSITY [CU],633
COMP_00293,CREEK MEDICAL CONSULTANT,4
COMP_00294,CREST HOSPITAL,4
COMP_00295,CREST HOTEL,9
COMP_00296,CRIBZ,632
COMP_00297,CRISPAN LUXURY APARTMENTS,9
COMP_00298,CRISPAN SUITE & EVENT JOS,9
COMP_00299,CROSS LINE TRANSPORT LTD,5
COMP_00300,CROSS RIVER UNIVERSITY OF TECHNOLOGY [CRUTECH],633
COMP_00301,CROSS WORD PUZZLES,634
COMP_00302,CROWN HOSPITAL,4
COMP_00303,CRUNCHES,9
COMP_00304,CRUSADER PENSION [CRUSADER],3
COMP_00305,CRYSTAL SPECIALIST HOSPITAL,4
COMP_00306,CUMI,4
COMP_00307,CUSTODIAN INSURANCE [CUSTODIAN],3
COMP_00308,CWAY FOOD AND BEVERAGES,7
COMP_00309,D BASE LOUNGE,9
COMP_00310,D&G COLLECTION,7
COMP_00311,DADOR PERFUMES,7
COMP_00312,DAFE HOSPITAL/CLINIC KETU IKOSI LAGOS,4
COMP_00313,DAILY MOTORS NIGERIA LIMITED,5
COMP_00314,DALOBI HOTEL AWKA,9
COMP_00315,DAMISA HOSPITAL,4
COMP_00316,DANA AIR,5
COMP_00317,DANDATEC,632
COMP_00318,DANDU WURO HAUSA,6
COMP_00319,DARUM,5
COMP_00320,"DAUGHTERS OF CHARITY HOSPITAL, KUBWA, ABUJA.",4
COMP_00321,DAVORT HOTEL,9
COMP_00322,"DE BAHBIS FIRST HEALTHCARE LTD, KUBWA ABUJA",4
COMP_00323,DE BEACONS,9
COMP_00324,DE DON SUPERMARKET,9
COMP_00325,DE DREAMS GARDEN PARK,9
COMP_00326,DE MARY'S HOSPITAL,4
COMP_00327,DE ROCA HOSPITAL,4
COMP_00328,DE WINDOWS LOUNGE,9
COMP_00329,DE YARD PICKNIC,9
COMP_00330,DEALDAY,7
COMP_00331,DEBEN REAL ESTATE,632
COMP_00332,DEDA HOSPITAL,4
COMP_00333,DELAKELAD,4
COMP_00334,DELICIA,9
COMP_00335,DELIKINGS MULTIPLE CONCEPTS LIMITED,5
COMP_00336,DELTA EXPRESS,5
COMP_00337,DELTA LINE,5
COMP_00338,"DELTA STATE UNIVERSITY, ABRAKA [DELSU]",633
COMP_00339,DESTINY HOTELS,9
COMP_00340,DETOPSY ELECTRICAL SHOP,7
COMP_00341,DEVOT,9
COMP_00342,DFO MEDICAL CLINIC,4
COMP_00343,DHABI AND PARTNERS NIGERIA LTD,632
COMP_00344,DIFF MEDICAL CENTER,4
COMP_00345,DISNEY CHICKEN,9
COMP_00346,DISNEY PARK KADUNA,9
COMP_00347,DISPATCH RIDERS HUB,5
COMP_00348,DIVA CAKES,9
COMP_00349,DIVINE HOSPITAL,4
COMP_00350,DOGON LOLI HOTEL MINNA,9
COMP_00351,DOMAIN REAL ESTATE,632
COMP_00352,DOMINIC COUTURE,7
COMP_00353,DOMINO'S PIZZA,9
COMP_00354,DONKAY HOTEL GOMBE,9
COMP_00355,DOREN SPECIALIST HOSPITAL,4
COMP_00356,DORIS DEY,9
COMP_00357,DORNIER AVIATION,5
COMP_00358,DOUBLE K HOTEL BENUE,9
COMP_00359,DOUBLE KING,632
COMP_00360,DOVA HOTELS,9
COMP_00361,DOVE HOSPITAL,4
COMP_00362,"DOXA PARK, ABUJA",9
COMP_00363,DREAMDREW PROPERTIES LIMITED,632
COMP_00364,DUCHESS HOSPITAL,4
COMP_00365,DUENO,632
COMP_00366,DUKES NEUROSURGERY AND SPECIALIST HOSPITAL,4
COMP_00367,DUKIYA INVESTMENT,632
COMP_00368,DYNAMO ADS,632
COMP_00369,EAGLE LINE,5
COMP_00370,EAGLES HMO,3
COMP_00371,EASEMONI,1
COMP_00372,EASTERN MASS TRANSIT LTD,5
COMP_00373,EASYBUY,1
COMP_00374,EBANOBET,634
COMP_00375,EBONY LIFE PLACE,9
COMP_00376,EBONYI STATE UNIVERSITY [EBSU],633
COMP_00377,EBONYLIFE STUDIOS,9
COMP_00378,ECHO LAB,4
COMP_00379,ECLIPSE KUBWA,9
COMP_00380,ECO CENTER,9
COMP_00381,ECOBANK,1
COMP_00382,ECOFLOW NIGERIA,7
COMP_00383,ECOGROVE REALITY,632
COMP_00384,ECOWAS PROFESSIONAL CERTIFICATION IN CUSTOMER SERVICE & VIRTUAL ASSISTANCE WAACSP,633
COMP_00385,EDDYSON TRANSPORT,5
COMP_00386,EDIN AND PEOPLE,632
COMP_00387,EDO CITY TRANSPORT SERVICE [ECTS],5
COMP_00388,EDO SPECIALIST HOSPITAL,4
COMP_00389,"EDWIN CLARK UNIVERSITY, DELTA STATE [ECU]",633
COMP_00390,EE & PERTNERS,632
COMP_00391,EFCC,8
COMP_00392,EFEX EXECUTIVE,5
COMP_00393,EGOBEKEE_1,7
COMP_00394,EJA MEMORIAL JOINT HOSPITAL ITIGIDI,4
COMP_00395,EJIREONIGARRI,7
COMP_00396,EKESONS TRANSPORT,5
COMP_00397,EKITI STATE UNIVERSITY [EKSU],633
COMP_00398,EKO ELECTRICITY DISTRIBUTION COMPANY [EKEDC],6
COMP_00399,"EKO HOSPITAL, LAGOS",4
COMP_00400,EKO HOTELS,9
COMP_00401,EL BABRA HOTELS,9
COMP_00402,EL-COMFORT HOSPITAL,4
COMP_00403,EL-LAB RESEARCH AND DIAGNOSTIC CENTRE,4
COMP_00404,ELEGUSHI BEACH,9
COMP_00405,ELEKO BEACH,9
COMP_00406,EMIRATES,5
COMP_00407,EMPLOY ME E-LEARNING,633
COMP_00408,ENOMA HOSPITAL,4
COMP_00409,ENTRACO ENUGU STATE TRANSPORT COMPANY,5
COMP_00410,ENUGU ELECTRICITY DISTRIBUTION COMPANY [EEDC],6
COMP_00411,"ENUGU STATE COLLEGE OF EDUCATION, TECHNICAL",633
COMP_00412,ENUGU STATE UNIVERSITIY OF SCIENCE AND TECHNOLOGY [ESUT],633
COMP_00413,"ENUGU STATE UNIVERSITY TEACHING HOSPITAL,PARKLANE.",4
COMP_00414,ENVIRONMENT HEALTH SECTOR,8
COMP_00415,"EPE RESORT & SPA, LAGOS",9
COMP_00416,EPITOME HOTEL,9
COMP_00417,ESTREAM NETWORKS,2
COMP_00418,ESUT SHUTTLE,5
COMP_00419,ETERNAL LIFE HOSPITAL LAGOS,4
COMP_00420,ETHIOPIAN AIRLINES,5
COMP_00421,EVERCARE HOSPITAL,4
COMP_00422,EVERIGHT DIAGNOSTIC AND LABORATORY SERVICES LTD,4
COMP_00423,EXCLUSIVE KITCHEN,9
COMP_00424,"EYE DIAGNOSTIC CENTER, ORIMERUNMU, OGUN",4
COMP_00425,FACEBOOK MARKET PLACE,7
COMP_00426,FAIRMONEY MICROFINANCE BANK,1
COMP_00427,FAITH CITY HOSPITAL,4
COMP_00428,FAITH HILLS SPECIALIST HOSPITALS,4
COMP_00429,FAITH PLAZA,9
COMP_00430,FAJIB,9
COMP_00431,FAMILY CARE HOSPITAL,4
COMP_00432,FANTASEE PARK,9
COMP_00433,FARAGON BUS,5
COMP_00434,FARM CITY LEKKI,9
COMP_00435,FASTEST FINGERS CAKE,7
COMP_00436,FED ROAD SAFETY COMM (FRSC),8
COMP_00437,FEDERAL CIVIL SERVICE COMMISSION (FCS),8
COMP_00438,FEDERAL COLLEGE OF EDUCATION KANO,633
COMP_00439,FEDERAL HIGH COURT,8
COMP_00440,FEDERAL INLAND REVENUE (FIRS),8
COMP_00441,FEDERAL LOW COST HOSPITAL JOS,4
COMP_00442,FEDERAL MEDICAL CENTER,4
COMP_00443,FEDERAL MEDICAL CENTER ABEOKUTA,4
COMP_00444,FEDERAL MEDICAL CENTER ABUJA,4
COMP_00445,FEDERAL MEDICAL CENTER ASABA,4
COMP_00446,FEDERAL MEDICAL CENTER BIDA,4
COMP_00447,FEDERAL MEDICAL CENTER BIRNIN KEBBI,4
COMP_00448,FEDERAL MEDICAL CENTER EBUTE METTA,4
COMP_00449,FEDERAL MEDICAL CENTER GOMBE,4
COMP_00450,FEDERAL MEDICAL CENTER JABI,4
COMP_00451,FEDERAL MEDICAL CENTER JALINGO,4
COMP_00452,FEDERAL MEDICAL CENTER LAGOS,4
COMP_00453,FEDERAL MEDICAL CENTER MAKURDI,4
COMP_00454,FEDERAL MEDICAL CENTER MARARABA,4
COMP_00455,FEDERAL MEDICAL CENTER OWERRI,4
COMP_00456,FEDERAL MEDICAL CENTER UMUAHIA,4
COMP_00457,FEDERAL MEDICAL CENTER YENAGOA,4
COMP_00458,FEDERAL MEDICAL CENTER ZAMFARA,4
COMP_00459,"FEDERAL MEDICAL CENTER, NYANYA",4
COMP_00460,"FEDERAL MEDICAL CENTER, TAURA, JIGAWA STATE.",8
COMP_00461,FEDERAL MINISTRY OF FOREIGN AFFAIRS,8
COMP_00462,FEDERAL PALACE HOTEL,9
COMP_00463,FEDERAL POLY NASARAWA,633
COMP_00464,FEDERAL POLYTECHNIC BIDA NIGER STATE,633
COMP_00465,FEDERAL POLYTECHNIC NEKEDE OWERRI IMO STATE,633
COMP_00466,FEDERAL POLYTECHNIC OF OIL AND GAS BONNY ISLAND,633
COMP_00467,FEDERAL POLYTECHNIC OFFA,633
COMP_00468,FEDERAL POLYTECHNIC OKO [OKO POLYTECHNIC],633
COMP_00469,"FEDERAL POLYTECHNIC, EDE",633
COMP_00470,"FEDERAL POLYTECHNIC, KAURA NAMODA, ZAMFARA",633
COMP_00471,FEDERAL POYTECHNIC BAUCHI,633
COMP_00472,FEDERAL RADIO CORPORATION OF NIGERIA (FRCN),8
COMP_00473,FEDERAL TEACHING HOSPITAL GOMBE,4
COMP_00474,FEDERAL TEACHING HOSPITAL YOLA,4
COMP_00475,FEDERAL UNIVERSITY DUTSE [FUD],633
COMP_00476,FEDERAL UNIVERSITY KASHERE,633
COMP_00477,"FEDERAL UNIVERSITY OF AGRICULTURE, ABEOKUTA [FUNAAB]",633
COMP_00478,"FEDERAL UNIVERSITY OF HEALTH SCIENCES, OSUN STATE",633
COMP_00479,FEDERAL UNIVERSITY OF LAFIA,633
COMP_00480,FEDERAL UNIVERSITY OF TECHNOLOGY MINNA,633
COMP_00481,FEDERAL UNIVERSITY OF TECHNOLOGY [FUTO],633
COMP_00482,"FEDERAL UNIVERSITY OYE, EKITI [FUOYE]",633
COMP_00483,FEDERAL UNIVERSITY WUKARI,633
COMP_00484,"FEDERAL UNIVERSITY, LOKOJA [FUL]",633
COMP_00485,FERMA,8
COMP_00486,FETSWALLET,1
COMP_00487,FIBERONE BROADBAND,2
COMP_00488,FIDELITY BANK,1
COMP_00489,"FIDELITY HOSPITAL, BENIN",4
COMP_00490,FINNIH MEDICAL CENTER IKEJA,4
COMP_00491,FINREL,9
COMP_00492,FIREWOOD RICE NIGERIA,9
COMP_00493,FIRST BANK OF NIGERIA [FBNBANK],1
COMP_00494,FIRST CITY HOSTEL,9
COMP_00495,FIRST CITY MONUMENT BANK [FCMB],1
COMP_00496,FIRST RIVERS HOSPITAL,4
COMP_00497,FIRSTMONIE,1
COMP_00498,FLOURISH COLLECTIONS,7
COMP_00499,FLUTTERWAVE,1
COMP_00500,FODOPOLIS,9
COMP_00501,FOOD CITY,9
COMP_00502,FOOD COURT IRE AKARI,9
COMP_00503,FOOD SHOP,7
COMP_00504,FOODCO,9
COMP_00505,FOOTBALL.COM,634
COMP_00506,FORMULA EXECUTIVE SUITES,9
COMP_00507,FORTIS MOBILE MONEY,1
COMP_00508,FOUANI,7
COMP_00509,FOUNDATION MEMORIAL HOSPITAL,4
COMP_00510,FOXGLOVE HOSPITAL,4
COMP_00511,FRANK N HOTEL,9
COMP_00512,FRANKKIDS AMUSEMENT PARK LAGOS,9
COMP_00513,FREE LANCE AGENTS,632
COMP_00514,FULL TRINITY CLINIC,4
COMP_00515,FUNAAB HEALTH CENTER,4
COMP_00516,FUNKYCOLLECTIONZ,7
COMP_00517,FXG COLLECTION.,7
COMP_00518,G BURGER,9
COMP_00519,G51,9
COMP_00520,"GALLANI HOTEL AND SUITES, IBADAN",9
COMP_00521,GALLOP PLATINUM,5
COMP_00522,GAMES,634
COMP_00523,GARKI HOSPITAL,4
COMP_00524,GENERAL HOSPITAL,4
COMP_00525,GENERAL HOSPITAL - GBAGADA,4
COMP_00526,GENERAL HOSPITAL ABUJA,4
COMP_00527,GENERAL HOSPITAL BADAGRY,4
COMP_00528,GENERAL HOSPITAL BIDA,4
COMP_00529,GENERAL HOSPITAL BIRNIN KUDU,4
COMP_00530,"GENERAL HOSPITAL EPE,LAGOS STATE",4
COMP_00531,GENERAL HOSPITAL GUSAU,4
COMP_00532,GENERAL HOSPITAL IFAKO IJAIYE,4
COMP_00533,GENERAL HOSPITAL IKORODU,4
COMP_00534,GENERAL HOSPITAL ILE-EPO,4
COMP_00535,GENERAL HOSPITAL KADUNA,4
COMP_00536,GENERAL HOSPITAL KUBWA,4
COMP_00537,GENERAL HOSPITAL LAGOS ISLAND,4
COMP_00538,GENERAL HOSPITAL MAIDUGURI,4
COMP_00539,GENERAL HOSPITAL MBA,4
COMP_00540,GENERAL HOSPITAL MINNA,4
COMP_00541,"GENERAL HOSPITAL NAFADA, GOMBE STATE",4
COMP_00542,GENERAL HOSPITAL NASARAWA STATE,4
COMP_00543,GENERAL HOSPITAL OBIARUKU,4
COMP_00544,GENERAL HOSPITAL OKWE ASABA,4
COMP_00545,GENERAL HOSPITAL OMU ARAN,4
COMP_00546,"GENERAL HOSPITAL ONITSHA, ANAMBRA STATE",4
COMP_00547,GENERAL HOSPITAL ORILE AGEGE,4
COMP_00548,GENERAL HOSPITAL OTA,4
COMP_00549,GENERAL HOSPITAL OTUKPO BENUE,4
COMP_00550,GENERAL HOSPITAL SABO KADUNA,4
COMP_00551,GENERAL HOSPITAL SULEIJA,4
COMP_00552,"GENERAL HOSPITAL, AGBANI, NKANU WEST, ENUGU",4
COMP_00553,"GENERAL HOSPITAL, BONNY ISLAND",4
COMP_00554,"GENERAL HOSPITAL, GAKEM.",4
COMP_00555,"GENERAL HOSPITAL, ILORIN",4
COMP_00556,"GENERAL HOSPITAL, OKE ODO",4
COMP_00557,GENERAL HOSPITAL- WARRI,4
COMP_00558,GENESIS FAST FOOD,9
COMP_00559,GERE BAR AND LOUNGE,9
COMP_00560,"GHI,IKORODU",4
COMP_00561,GIG,7
COMP_00562,GIG LOGISTICS,5
COMP_00563,GIPENACLE,9
COMP_00564,GIWA HOSPITAL AND SPECIALIST KADUNA,4
COMP_00565,GLOBALCOM LIMITED,2
COMP_00566,GLOBIS MOTORS LIMITED,5
COMP_00567,GLOBUS BANK,1
COMP_00568,GLOVO,9
COMP_00569,GOD BLESS EZENWATA TRANSPORT,5
COMP_00570,GOD IS GOOD TRANSPORT COMPANY,5
COMP_00571,GOD'S TIME TRANSPORT,5
COMP_00572,"GODFREY OKOYE UNIVERSITY, ENUGU [GOU]",633
COMP_00573,GOLDEN PALM RESORT,9
COMP_00574,GOLDEN PLACE,9
COMP_00575,GOLDEN ROYALE,9
COMP_00576,GOLDEN TULIP,9
COMP_00577,GOLDEN VALLEY,9
COMP_00578,GOLDEN VILLA,9
COMP_00579,GOMBE LINE TRANSPORT SERVICES,5
COMP_00580,GOMBE STATE UNIVERSITY [GSU],633
COMP_00581,GOOD NEWS HOSPITAL,4
COMP_00582,GOODNESS AND MERCY MASS TRANSIT,5
COMP_00583,GOODNESS AND MERCY MOTORS,5
COMP_00584,GOODNESS HOSPITAL,4
COMP_00585,GOSHEN MEMORIAL GARDEN,9
COMP_00586,GOVERNMENT,8
COMP_00587,GRACELAND HUGWOOP HOSPITAL KADUNA,4
COMP_00588,GRACELAND MEDICAL CENTER,4
COMP_00589,GRACIAS PROPERTIES,632
COMP_00590,GRAZE & CO,9
COMP_00591,GREEN AFRICA,5
COMP_00592,GREEN CARE HOSPITAL PORT HARCOURT,4
COMP_00593,GREEN FARMS AND RESORT,9
COMP_00594,GREEN LION HOTEL,9
COMP_00595,GREENBAY HMO,3
COMP_00596,"GREENFIELD UNIVERSITY, KADUNA [GFU]",633
COMP_00597,"GREGORY UNIVERSITY, UTURU [GUU]",633
COMP_00598,GROCERY BAZAAR,9
COMP_00599,GROCERY BAZAAR AMALA,9
COMP_00600,GT MOBILE DATA,7
COMP_00601,GTEX HOMES,632
COMP_00602,GUARANTY TRUST BANK [GTBANK],1
COMP_00603,GUO TRANSPORT,5
COMP_00604,GWARINPA ESTATE,632
COMP_00605,GYRA NAVIGATION SYSTEM LIMITED,7
COMP_00606,H-MEDIX ABUJA,7
COMP_00607,HADIEL HMO,4
COMP_00608,HADIEL HMO [HADIEL],3
COMP_00609,HAKUNA MATATA,9
COMP_00610,HALLMARK HMO [HALLMARK],3
COMP_00611,HAMASHIACONLINE STORE,7
COMP_00612,HAMILTON GARDENS,9
COMP_00613,HAMKAD HOSPITAL,4
COMP_00614,HANGOUT BAR AND LOUNGE,9
COMP_00615,HARD BREAK,9
COMP_00616,HARMONY HOSPITAL KADUNA,4
COMP_00617,HARVEY ROAD GENERAL HOSPITAL,4
COMP_00618,HAVANA HOSPITAL,4
COMP_00619,HAVEN SQUARE,632
COMP_00620,HCI HEALTHCARE,3
COMP_00621,HEALTH CENTER,4
COMP_00622,HEALTH CENTER OJO,4
COMP_00623,HEALTH CENTRE AMOYO,4
COMP_00624,HEALTH ENVIRONMENTAL LAGOS,8
COMP_00625,HEALTH HOMECARE,4
COMP_00626,HEALTHCARE TIPPER GARAGE IBADAN,4
COMP_00627,HEIRS INSURANCE [HEIRS],3
COMP_00628,HERITAGE BANK,1
COMP_00629,HIDE OUT LOUNGE,9
COMP_00630,HILLSIDE,632
COMP_00631,HILLTOP CLINIC AND MATERNITY BENUE STATE,4
COMP_00632,HIRRA ACADEMY,633
COMP_00633,HOLY TRINITY HOSPITAL,4
COMP_00634,HOME AND AWAY,9
COMP_00635,HOMLAND REAL ESTATE,632
COMP_00636,HOPE FOR THE VILLAGE CHILD,4
COMP_00637,HOPE PAYMENT SERVICE BANK,1
COMP_00638,HOTEL 61,9
COMP_00639,"HOTEL CAPITOL, IKEJA",9
COMP_00640,HOTEL DORIS DEY,9
COMP_00641,HOTEL DU GOLF,9
COMP_00642,HOTEL PRESIDENTIAL,9
COMP_00643,HOTEL SEVENTEEN KADUNA,9
COMP_00644,HOTEL SUNSHINE,9
COMP_00645,HOUSING AGENT,632
COMP_00646,HULO JAYU NIGERIA LIMITED,632
COMP_00647,HYGEIA HMO [HYGEIA],3
COMP_00648,HYPERCITY,7
COMP_00649,HYTASTE,9
COMP_00650,"I EXPLORE, JOS",9
COMP_00651,I HOUSE,9
COMP_00652,IBADAN CITY HOSPITAL,4
COMP_00653,IBADAN COMMERCIAL TRANSPORTATION SYSTEM,5
COMP_00654,IBADAN ELECTRICITY DISTRIBUTION COMPANY [IBEDC],6
COMP_00655,IBAFO PRIMARY HEALTH CENTER,4
COMP_00656,IBETO HOTEL,9
COMP_00657,IBIS HOTEL,9
COMP_00658,IBOM AIR,5
COMP_00659,IBOM SPECIALIST HOSPITAL,4
COMP_00660,IBRAHIM BADAMASI BABANGIDA UNIVERSITY [IBBU],633
COMP_00661,IFESINACHI TRANSPORT,5
COMP_00662,IG ONLINE DTORE,7
COMP_00663,IGANDO GENERAL HOSPITAL,4
COMP_00664,IGANDO GOVERNMENT HOSPITAL,4
COMP_00665,IGBOBI ORTHOPEDIC LAGOS,4
COMP_00666,IGBOGILA HEALTH CENTER,4
COMP_00667,IGNATIUS AJURU UNIVERSITY PORT HARCOURT [IAUE],633
COMP_00668,IGNOBIS HOTEL,9
COMP_00669,IINTERNATIONAL HEALTH MANAGEMENT SERVICES LIMITED HMO [IHMS],3
COMP_00670,IINVEST,1
COMP_00671,IITA MEDICAL CENTER,4
COMP_00672,IITA RESORT,9
COMP_00673,IKEJA ELECTRICITY DISTRIBUTION COMPANY [IKEDC],6
COMP_00674,IKEJA MEDICAL CENTER,4
COMP_00675,"IKENGA HOTELS, NSUKKA",9
COMP_00676,IKOGOSI RESORT,9
COMP_00677,IKORODU DREAM PARK,9
COMP_00678,ILAJI RESORT,9
COMP_00679,ILE EYAN,9
COMP_00680,ILOTBET NIGERIA LIMITED (ILOT BET),634
COMP_00681,IMAX LEKKI,9
COMP_00682,IMO SPECIALIST HOSPITAL,4
COMP_00683,IMO STATE POLYTECHNIC [IMO POLY],633
COMP_00684,IMO STATE UNIVERSITY [IMSU],633
COMP_00685,IN GOD WE TRUST MOTORS,5
COMP_00686,INAGBE RESORT LAGOS,9
COMP_00687,INDIVIDUAL OWNED,5
COMP_00688,INDIVIDUAL RETAILERS,7
COMP_00689,INDRIVE,5
COMP_00690,INDUSTRIAL AND GENERAL INSURANCE [IGI],3
COMP_00691,INDUSTRIAL TRAINING FUND,8
COMP_00692,INEC,8
COMP_00693,INFINIDAD LOGISTICS,5
COMP_00694,INLAND HOSPITAL,4
COMP_00695,INSTAGRAM VENDOR,7
COMP_00696,"INSTITUTE OF MANAGEMENT AND TECHNOLOGY, OWERRI [IMT]",633
COMP_00697,"INSTITUTE OF MINING AND GEOSCIENCE, JOS",633
COMP_00698,INTERCONTINENTAL CUISINE,9
COMP_00699,INTERCONTINENTAL ESTATE,632
COMP_00700,INTERIORS BY AMAKA,7
COMP_00701,INTERNATIONAL ENERGY INSURANCE PLC [IEI],3
COMP_00702,INTERSWITCH,1
COMP_00703,IPAJA PRIMARY HEALTH CENTRE,4
COMP_00704,IPAY,1
COMP_00705,IPNX NIGERIA LIMITED,2
COMP_00706,IQ SOWBEL LOGISTICS LTD,5
COMP_00707,IRECHARGE,1
COMP_00708,ISALU HOSPITAL,4
COMP_00709,ISLAND MATERNITY HOSPITAL,4
COMP_00710,ISOLO ELECTRICITY DISTRIBUTION,6
COMP_00711,ISOLO GENERAL HOSPITAL,4
COMP_00712,ISREAL CHARLES & PARTNERS,632
COMP_00713,ITEM7 GO,9
COMP_00714,IYA AYO,9
COMP_00715,IYA IGALA,9
COMP_00716,IYAALAJE FOODS,7
COMP_00717,IYARE MOTORS,5
COMP_00718,J REIGNS PROPERTIES,632
COMP_00719,J6,9
COMP_00720,JABI GENERAL HOSPITAL,4
COMP_00721,JAIZ BANK,1
COMP_00722,JAJO HOSPITALS,4
COMP_00723,JAMB,8
COMP_00724,JANNY SCENTS,7
COMP_00725,JEMMYLAND HOTEL ABUJA,9
COMP_00726,JENDRO LOGISTICS,5
COMP_00727,JENNY'S KITCHEN,9
COMP_00728,JENOSWAY LOGISTICS,5
COMP_00729,JETHRONE HOSPITAL ABUJA,4
COMP_00730,JETHRONE HOSPITAL KUBWA,4
COMP_00731,JIGALTA INVESTMENT CO LIMITED,632
COMP_00732,JIGAWA STATE POLYTECHNIC,633
COMP_00733,JIJI,7
COMP_00734,JINJA RESTAURANT,9
COMP_00735,JJD SPECIALIST HOSPITAL,4
COMP_00736,JJT PARK ALAUSA,9
COMP_00737,"JJT PARK, IKEJA",9
COMP_00738,JLT SPECIALIST CLINIC & SKIN CENTRE,4
COMP_00739,JONEX HOSPITAL,4
COMP_00740,JOS ELECTRICITY DISTRIBUTION COMPANY [JED],6
COMP_00741,JOS UNIVERSITY TEACHING HOSPITAL,4
COMP_00742,JOS WILDLIFE PARK,9
COMP_00743,JOSEPH AYO BABALOLA UNIVERSITY [JABU],633
COMP_00744,"JOSEPH SARWUAN TARKA UNIVERSITY, MAKURDI",633
COMP_00745,JOWAKO SPECIALIST HOSPITAL ABUJA,4
COMP_00746,JUBILEE GARDENS,632
COMP_00747,JUMIA,7
COMP_00748,JUST AFANG,9
COMP_00749,JUST WOVEN LABELS,7
COMP_00750,JUSTRITE,9
COMP_00751,KABUGA HOSPITAL KANO,4
COMP_00752,KADSIECOM,8
COMP_00753,KADUNA ELECTRICITY DISTRIBUTION COMPANY [KAEDC],6
COMP_00754,KADUNA LINE,5
COMP_00755,KADUNA POLYTECHNIC,633
COMP_00756,KADUNA STATE COLLEGE OF EDUCATION GIDAN WAYA,633
COMP_00757,KADUNA STATE GOVERNMENT,8
COMP_00758,KADUNA STATE INTERNAL REVENUE,8
COMP_00759,KADUNA STATE UNIVERSAL BASIC EDUCATION BOARD,8
COMP_00760,KADUNA STATE UNIVERSITY [KASU],633
COMP_00761,KAFIN HAUSA GENERAL HOSPITAL JIGAWA STATE,4
COMP_00762,KAI,8
COMP_00763,KANO ELECTRICITY DISTRIBUTION COMPANY [KEDC],6
COMP_00764,KANO LINE,5
COMP_00765,"KANU NDUBUISI PARK, LAGOS",9
COMP_00766,KARA,7
COMP_00767,"KARL-KUMM UNIVERSITY, JOS",633
COMP_00768,KARSHI HOSPITAL,4
COMP_00769,KARU PRIMARY HEALTH CARE,4
COMP_00770,KAYMU,7
COMP_00771,KEBBI STATE ELECTRICITY DISTRIBUTION,6
COMP_00772,KEJI SPECIALIST HOSPITAL IBADAN,4
COMP_00773,KEJIDE SPECIALIST HOSPITAL,4
COMP_00774,KEKE,5
COMP_00775,KEKE MARUWA,5
COMP_00776,KEKE NAPEP,5
COMP_00777,KEYSTONE BANK,1
COMP_00778,KFC,9
COMP_00779,KIDDIESROYALE,7
COMP_00780,KIDNEY CHICKEN KADUNA,9
COMP_00781,KIDOMANIA,7
COMP_00782,KIGRA RESIDENTS' ASSOCIATION,632
COMP_00783,KILIMANJARO,9
COMP_00784,KILIMANJARO KUBWA,9
COMP_00785,KING'S CARE HOSPITAL,4
COMP_00786,KINGMAKERS LIMITED (BETKING),634
COMP_00787,KINGS WRAP,9
COMP_00788,KLM,5
COMP_00789,KOBIKO ABUJA,9
COMP_00790,KOGI STATE GENERAL HOSPITAL,4
COMP_00791,KOGI STATE POLYTECHNIC,633
COMP_00792,KOGI STATE TRANSPORT SERVICES,5
COMP_00793,KOLAPO ISHOLA GRA,632
COMP_00794,KONGA,7
COMP_00795,KOROPE,5
COMP_00796,"KUBWA GENERAL HOSPITAL, ASOKORO GENERAL HOSPITAL",4
COMP_00797,KUCHIKAU SUITS,9
COMP_00798,KUDA,1
COMP_00799,KUJE DEVELOPMENT,632
COMP_00800,KUJE GENERAL HOSPITAL,4
COMP_00801,KUKAI HOSPITAL KADUNA,4
COMP_00802,KUPA RJOLAD,4
COMP_00803,KWARA STATE POLYTECHNIC,633
COMP_00804,KWARA STATE UNIVERSITY [KWASU],633
COMP_00805,LA BRANCO RESTAURANT,9
COMP_00806,LA CUISINE RESTAURANT,9
COMP_00807,LA RUMBA GARDEN,9
COMP_00808,LA SPAG,9
COMP_00809,LAD MEDICAL CENTER,4
COMP_00810,LADOKE AKINTOLA UNIVERSITY OF TECHNOLOGY [LAUTECH],633
COMP_00811,LAGBUS,5
COMP_00812,"LAGOON HOSPITAL,LAGOS",4
COMP_00813,LAGOS BISTRO,9
COMP_00814,LAGOS BUSES,5
COMP_00815,LAGOS CONTINENTAL HOTEL,9
COMP_00816,LAGOS COUNTRY CLUB,9
COMP_00817,LAGOS DRIVER,5
COMP_00818,LAGOS EDC,6
COMP_00819,LAGOS LANDLORDS,632
COMP_00820,LAGOS MARRIOTT HOTEL IKEJA,9
COMP_00821,LAGOS STATE POLYTECHNIC [LASPOTECH],633
COMP_00822,LAGOS STATE UNIVERSITY OF EDUCATION [LASUED],633
COMP_00823,LAGOS STATE UNIVERSITY [LASU],633
COMP_00824,LAGOS VIO,8
COMP_00825,LAGRIDE,5
COMP_00826,LAIM HOTEL,9
COMP_00827,"LAKOWE GOLF RESORT, LAGOS",9
COMP_00828,LAMATA,5
COMP_00829,LANDIQUIRE,632
COMP_00830,LANDLORDS AND AGENTS,632
COMP_00831,LANDMARK UNIVERSITY [LU],633
COMP_00832,LAPO MFB,1
COMP_00833,LAS VEGAS,632
COMP_00834,LASACO ASSURANCE [LASACO],3
COMP_00835,LASTMA,8
COMP_00836,LASUTH - IKEJA,4
COMP_00837,LATITUDE,9
COMP_00838,LAUTECH TEACHING HOSPITAL,4
COMP_00839,LAWMA,8
COMP_00840,LEAD CITY UNIVERSITY [LCU],633
COMP_00841,LEADWAY ASSURANCE [LEADWAY],3
COMP_00842,LEADWAY HMO [LEADWAY],3
COMP_00843,LEADWAY HOSPITAL,4
COMP_00844,LEISURE PARK,9
COMP_00845,LEKKI,6
COMP_00846,LEKKI CONSERVATION CENTER,9
COMP_00847,LEKKI HOMES & GARDENS,632
COMP_00848,LEKKI RENTALS,632
COMP_00849,LEVI K 6OK021,4
COMP_00850,LIADI MOLA,4
COMP_00851,LIBERTY BLUE HMO,3
COMP_00852,LIBRA MOTORS,5
COMP_00853,LIFE ACTION PLUS HMO [LAP],3
COMP_00854,LIFE WORTH,4
COMP_00855,LIFECITY,632
COMP_00856,LIFELINE CHILDREN HOSPITAL,4
COMP_00857,LIFEWORTH HMO [LIFEWORTH],3
COMP_00858,LILONG INTERNATIONAL,4
COMP_00859,LILY HOSPITAL,4
COMP_00860,LIMEWOOD VILLA LEKKI,9
COMP_00861,LIMI SPECIALIST HOSPITAL,4
COMP_00862,LIT SUITES,9
COMP_00863,LIVING WORD MISSION HOSPITAL,4
COMP_00864,LIVINGSTON SPECIALIST HOSPITAL ENUGU,4
COMP_00865,LOCAL AGENCIES,632
COMP_00866,LOCAL NEIGHBOURHOOD ESTATE AGENTS,632
COMP_00867,LONG TENNIS,634
COMP_00868,LOTUS BANK,1
COMP_00869,LOUIS PASTEUR HOSPITAL,4
COMP_00870,LSPHC,4
COMP_00871,LUGARD CORNER PARK,9
COMP_00872,LUSH CITY,632
COMP_00873,LUTH - IDI ARABA,4
COMP_00874,LUXIAR,632
COMP_00875,MADONNA UNIVERSITY,633
COMP_00876,MADUKA UNIVERSITY,633
COMP_00877,MAGICLAND ABUJA,9
COMP_00878,MAITAMA GENERAL HOSPITAL,4
COMP_00879,MANI PHARMACY,4
COMP_00880,"MARIOTT, VICTORIA ISLAND",9
COMP_00881,MARKET SQUARE,9
COMP_00882,"MARRISTON HOTELS, AKURE",9
COMP_00883,MARWA KEKE,5
COMP_00884,MARYAM ABATCHA WOMEN AND CHILDREN HOSPITAL,4
COMP_00885,MAT ICE,9
COMP_00886,MAX AIR,5
COMP_00887,MAXBUILD GROUP,632
COMP_00888,MBAMARA HOSPITAL,4
COMP_00889,MBRAIZ INNOVATIONS LIMITED,632
COMP_00890,MEDBURY MEDICAL SERVICES,4
COMP_00891,MEDEXIA HMO,3
COMP_00892,MEDIC PLUS,4
COMP_00893,"MEDICAL CENTRE, MARARABA",4
COMP_00894,MEDICARE,4
COMP_00895,MEES PALACE,9
COMP_00896,MEGA CHICKEN,9
COMP_00897,MERCY HOSPITAL NNEWI,4
COMP_00898,MERIDIAN HOSPITAL,4
COMP_00899,MERRYBET GOLD LIMITED (MERRYBET),634
COMP_00900,METRO BUS,5
COMP_00901,METRO HMO,3
COMP_00902,MEV SPECIALIST HOSPITAL,4
COMP_00903,MIANGO REST HOME,9
COMP_00904,"MICHAEL OKPARA UNIVERSITY OF AGRICULTURE, UMUDIKE [MOUAU]",633
COMP_00905,MICRA,5
COMP_00906,MICROVEST,1
COMP_00907,MIGO,1
COMP_00908,MILITARY HOSPITAL,4
COMP_00909,MILLENNIUM PARK ABUJA,9
COMP_00910,MINI BUSES,5
COMP_00911,MINISTRY OF EDUCATION,8
COMP_00912,MINISTRY OF JUSTICE,8
COMP_00913,MINISTRY OF LABOR,8
COMP_00914,MINT BAR AND RESTAURANT,9
COMP_00915,MIVA OPEN UNIVERSITY,633
COMP_00916,MOBILE TELECOMMUNICATIONS NETWORK (MTN),2
COMP_00917,MOBILE TELECOMMUNICATIONS NETWORK (MTN) MOBILE MONEY,1
COMP_00918,MODEES KITCHEN,7
COMP_00919,"MODIBBO ADAMA UNIVERSITY, YOLA [MAUTECH]",633
COMP_00920,MOLABAT,9
COMP_00921,MOLLY HOSPITAL,4
COMP_00922,MONIEPOINT,1
COMP_00923,MORNING STAR HOSPITAL,4
COMP_00924,"MORVILLE APARTMENTS, ABEOKUTA",9
COMP_00925,"MOSHOOD ABIOLA POLYTECHNIC, ABEOKUTA [MAPOLY]",633
COMP_00926,MOT,5
COMP_00927,MOTAYO HOSPITAL IKEJA,4
COMP_00928,"MOTHER AND CHILD HOSPITAL, IKEJA",4
COMP_00929,MOTHER N CHILD FESTAC,4
COMP_00930,MOTHER OF CHRIST SPECIALIST ENUGU,4
COMP_00931,MOTHER OF CHRIST SPECIALIST HOSPITAL,4
COMP_00932,MOTORCYCLE,5
COMP_00933,MOTUNDE ALADEITAN AND ASSOCIATE,632
COMP_00934,MOUNTAIN TOP UNIVERSITY [MTU],633
COMP_00935,MR BIGGS,9
COMP_00936,MR FANS,9
COMP_00937,MSHEL HOMES,632
COMP_00938,MSPORT NIGERIA LIMITED (MSPORT),634
COMP_00939,MTRONIX IT SOLUTIONS,1
COMP_00940,MUFEEDAT PRIMARY HEALTH CARE JOS NORTH PLATEAU STATE,4
COMP_00941,MULTICHOICE LTD,7
COMP_00942,MUNOR'S PARK,9
COMP_00943,MURTALA MOHAMMED SPECIALIST HOSPITAL ENUGU,4
COMP_00944,MURTALA MUHAMMAD HOSPITAL KANO,4
COMP_00945,MUTUAL BENEFIT ASSURANCE PLC [MUTUAL BENEFIT],3
COMP_00946,NAF BASE HOSPITAL IKEJA,4
COMP_00947,NAF VALLEY ESTATE ASOKORO,632
COMP_00948,NAFDAC,8
COMP_00949,NAIJABOOKVENDOR,7
COMP_00950,NAIJAMARKETPLACE_NG,7
COMP_00951,NAIRABET NIGERIA LIMITED (NAIRABET),634
COMP_00952,NAKOWA HOSPITAL MAIDUGURI,4
COMP_00953,NAKS FAST FOOD,9
COMP_00954,NARSDA,8
COMP_00955,NASARAWA ELECTRICITY DISTRIBUTION COMPANY [AEDC],6
COMP_00956,NASARAWA LUXURY RIDE,5
COMP_00957,NASARAWA LUXURY TRAVELS,5
COMP_00958,NASARAWA PUBLIC TRANSPORT,5
COMP_00959,"NASARAWA STATE UNIVERSITY, KEFFI [NSUK]",633
COMP_00960,NATIONAL HEALTH INSURANCE AUTHORITY [NHIA],3
COMP_00961,NATIONAL HOSPITAL ABUJA,4
COMP_00962,NATIONAL HOSPITAL FCT,4
COMP_00963,NATIONAL IDENTIFICATION MANAGEMENT COMMISSION,8
COMP_00964,NATIONAL OPEN UNIVERSITY OF NIGERIA [NOUN],633
COMP_00965,NATIONAL ORTHOPEDIC HOSPITAL IGBOBI,4
COMP_00966,NATIONAL POWER GRID,6
COMP_00967,NATIONAL PRIMARY HEALTHCARE DEVELOPMENT AGENCY,8
COMP_00968,NATIONAL YOUTH SERVICE CORPS (NYSC),8
COMP_00969,NAUTH-NNEWI,4
COMP_00970,"NAVY HOSPITAL, OJO, LAGOS",4
COMP_00971,"NAZARETH HOSPITAL, POUND ROAD ABA",4
COMP_00972,NDDC,8
COMP_00973,NDLEA,8
COMP_00974,NDUBISI PARK,9
COMP_00975,NDUBUISI KANU PARK,9
COMP_00976,NECO,8
COMP_00977,NEM HMO [NEM],3
COMP_00978,NEM INSURANCE [NEM],3
COMP_00979,NEO COURT,9
COMP_00980,NEW DAY MEDICAL CENTRE,4
COMP_00981,NEW HOPE HOSPITAL,4
COMP_00982,NEW NYANYA TRANSPORT,5
COMP_00983,NEWEDGE,1
COMP_00984,NG EAGLE AIRLINE,5
COMP_00985,NGAWIN,634
COMP_00986,NIBSS,1
COMP_00987,NIDUS AQUILAE,4
COMP_00988,NIGER DELTA UNIVERSITY - BAYELSA [NDU],633
COMP_00989,NIGER ELECTRICITY DISTRIBUTION COMPANY [NEDC],6
COMP_00990,NIGERIA CIVIL DEFENSE,8
COMP_00991,"NIGERIA CONSULATE, ATLANTA - USA",8
COMP_00992,"NIGERIA CONSULATE, NEW YORK - USA",8
COMP_00993,NIGERIA CUSTOMS,8
COMP_00994,NIGERIA EMBASSY - ABIDJAN,8
COMP_00995,"NIGERIA EMBASSY, BEIJING CHINA",8
COMP_00996,"NIGERIA EMBASSY, GERMANY",8
COMP_00997,NIGERIA FIRE EXTINGUISHER CONTROL (NFEC),8
COMP_00998,NIGERIA HIGH COMMISSION - CANADA,8
COMP_00999,NIGERIA HIGH COMMISSION - GHANA,8
COMP_01000,NIGERIA HIGH COMMISSION - SOUTH AFRICA,8
COMP_01001,NIGERIA HIGH COMMISSION IRELAND,8
COMP_01002,"NIGERIA HIGH COMMISSION, ITALY",8
COMP_01003,"NIGERIA HIGH COMMISSION, KENYA",8
COMP_01004,"NIGERIA HIGH COMMISSION, LONDON- UK",8
COMP_01005,NIGERIA IMMIGRATION SERVICES (NIS),8
COMP_01006,NIGERIA POLICE FORCE (NPF),8
COMP_01007,NIGERIA PORTS AUTHORITY (NPA),8
COMP_01008,NIGERIA POST OFFICE,8
COMP_01009,NIGERIA RAILWAY COMMISSION (NRC),8
COMP_01010,NIGERIAN ARMY,8
COMP_01011,NIGERIAN CAB DRIVERS THE ONES THAT PICK 2 PASSENGERS AND 4 AT THE BACK SEATS,5
COMP_01012,NIGERIAN ELECTRICITY SUPPLY CORPORATION LIMITED [NESCO],6
COMP_01013,"NIGERIAN EMBASSY, CAIRO EGYPT",8
COMP_01014,NIGERIAN JUDICIARY,8
COMP_01015,NIGERIAN JUSTICE SYSTEM,8
COMP_01016,NIGERIAN NATIONAL PETROLEUM CORPORATION,8
COMP_01017,NIGERIAN POSTAL SERVICE,8
COMP_01018,NIGERIAN RAILWAY CORPORATION,5
COMP_01019,NIGERIAN SENATE,8
COMP_01020,NIKE LAKE RESORT,9
COMP_01021,NIKZAR,4
COMP_01022,NIL,632
COMP_01023,NILE UNIVERSITY OF NIGERIA [NUN],633
COMP_01024,NIMASA,8
COMP_01025,NIMC,8
COMP_01026,NISA PREMIER HOSPITAL ABUJA,4
COMP_01027,NIZAMIYE HOSPITAL,4
COMP_01028,NKOYO RESTAURANT,9
COMP_01029,NLNG RA HOSPITAL,4
COMP_01030,NNA HOTEL,9
COMP_01031,NNAMDI AZIKIWE TEACHING HOSPITAL NNEWI,4
COMP_01032,NNAMDI AZIKIWE UNIVERSITY [UNIZIK] MEDICAL CENTRE,4
COMP_01033,"NNAMDI AZIKIWE UNIVERSITY, AWKA [NAU]",633
COMP_01034,NOMBA,1
COMP_01035,NONDON,9
COMP_01036,NONE,634
COMP_01037,NONSUCH MEDICARE LIMITED [NONSUCH],3
COMP_01038,NOT A PUBLIC UNI,633
COMP_01039,NOTHING PASS GOD MOTORS,5
COMP_01040,NOVA BANK,1
COMP_01041,NOVAVIT HOSPITAL KETU,4
COMP_01042,NOVEL SUITES AND RESORTS LTD RAYFIELD JOS,9
COMP_01043,NOVENA UNIVERSITY,633
COMP_01044,NOVIA NAIL PEN,7
COMP_01045,NOVO HMO [NOVO],3
COMP_01046,NOWNOW,1
COMP_01047,NTACHI OSA,9
COMP_01048,NTEL NIGERIA,2
COMP_01049,NURTW,5
COMP_01050,OAUTHC,4
COMP_01051,OBAFEMI AWOLOWO UNIVERSITY,633
COMP_01052,OBIOMA SPECIALIST HOSPITAL NNEWI,4
COMP_01053,"OBISESAN NAVAL MEDICAL CENTER, LAGOS",4
COMP_01054,OBIWEEZI,7
COMP_01055,OBJ BAR AND RESTAURANT,9
COMP_01056,"OBONG UNIVERSITY, AKWA IBOM",633
COMP_01057,OBUDU RANCH RESORT,9
COMP_01058,OCEANIC HEALTH [OCEANIC],3
COMP_01059,OFFICE OF THE PRESIDENCY,8
COMP_01060,OFU OBI AFRICAN CENTER,9
COMP_01061,OGUN STATE ELECTRICITY DISTRIBUTION,6
COMP_01062,OHS TRIVIA,634
COMP_01063,OJAJA PARK,9
COMP_01064,OJUELEGBA,9
COMP_01065,OKASH,1
COMP_01066,OKEYSON MOTORS,5
COMP_01067,OKIN MOTORS,5
COMP_01068,OKPARAVERO HOSPITAL,4
COMP_01069,OLABISI ONABANJO UNIVERSITY [OOU],633
COMP_01070,OLANREWAJU HOSPITAL,4
COMP_01071,"OLD CAROLINA BAR, NSUKKA",9
COMP_01072,OLLYTCOLLECTIONS,7
COMP_01073,OLUMO ROCK,9
COMP_01074,OLUWATOBI LOGISTICS,5
COMP_01075,OMU RESORT,9
COMP_01076,ONE OCEAN,7
COMP_01077,ONLINE HAIR VENDOR,7
COMP_01078,ONLINE MARKETPLACE,7
COMP_01079,ONWARD SPECIALIST HOSPITAL,4
COMP_01080,OOPL ABEOKUTA,9
COMP_01081,OPAY BANK,1
COMP_01082,OPTIMUS BANK,1
COMP_01083,ORAIMO,7
COMP_01084,ORANGE GROOVE HOTEL KADUNA,9
COMP_01085,ORCHID HOTELS,9
COMP_01086,ORGANISATION FOR ECONOMIC CO-OPERATION AND DEVELOPMENT [OECD],6
COMP_01087,ORIENTAL HOTEL,9
COMP_01088,ORILE AGEGE GENERAL HOSPITAL,4
COMP_01089,OSHUNTUYI MEDICAL CENTER,4
COMP_01090,OSTRICH BAKERY,9
COMP_01091,OSUN ELECTRICITY DISTRIBUTION COMPANY,6
COMP_01092,"OSUN STATE COLLEGE OF TECHNOLOGY, ESA OKE",633
COMP_01093,OSUN STATE POLYTECHNIC [OSUNPOLY],633
COMP_01094,OTHER EATERIES,9
COMP_01095,OTHER LAGOS HOTELS,9
COMP_01096,OTHERS,4
COMP_01097,OUR LADY CATHOLIC HOSPITAL ISEYIN IBADAN,4
COMP_01098,"OUR SAVIOUR SCHOOL, IKOYI",633
COMP_01099,OVERLAND AIRWAYS,5
COMP_01100,OWERRI URBAN,5
COMP_01101,OXFORD FORTE INTERNATIONAL,632
COMP_01102,OXFORD PROPERTIES,632
COMP_01103,OXYBELLE EYE CLINIC,4
COMP_01104,OYATO,9
COMP_01105,OYOMESI HOSPITAL,4
COMP_01106,PACESETTER TRANSPORT SERVICES,5
COMP_01107,"PADELIA HOTEL, NSUKKA",9
COMP_01108,PAGA,1
COMP_01109,PALATABLE,9
COMP_01110,PALM RESTAURANT,9
COMP_01111,PALMCREDIT,1
COMP_01112,PALMPAY,1
COMP_01113,PALO PLACE,9
COMP_01114,PAMO CLINICS AND HOSPITAL,4
COMP_01115,PAN ATLANTIC UNIVERSITY [PAU],633
COMP_01116,PAN OJ CLINIC,4
COMP_01117,PANYU HOTEL,9
COMP_01118,PARADISE HILLS ESTATE GUZAPE,632
COMP_01119,PARIS BAKERY,9
COMP_01120,PARKTEL,7
COMP_01121,"PAUL UNIVERSITY, AWKA",633
COMP_01122,PAYARENA,1
COMP_01123,PAYATTITUDE,1
COMP_01124,PAYSTACK,1
COMP_01125,PEACE COURT HOTEL,9
COMP_01126,PEACE DELUXE,9
COMP_01127,PEACE MASS TRANSIT,5
COMP_01128,PEAK HEALTH,4
COMP_01129,PEPPERONI,9
COMP_01130,PERFECT DELIGHT HOTEL KADUNA,9
COMP_01131,PETIK LIMITED,632
COMP_01132,"PHARCEPT HOSPITAL, AGBEDE",4
COMP_01133,PHC,4
COMP_01134,PHC GIDAN WAYA KADUNA STATE,4
COMP_01135,PHC GONIN GORA,4
COMP_01136,PHC RUMUEPIRICOM,4
COMP_01137,PIGGYVEST,1
COMP_01138,PINNACLE MAIDUGURI,9
COMP_01139,PISON HOSPITAL ABUJA,4
COMP_01140,PIZZAZZ HOSPITAL,4
COMP_01141,PLATEAU EXPRESS,5
COMP_01142,PLATEAU SPECIALIST HOSPITAL,4
COMP_01143,PLATEAU STATE GOVERNMENT,8
COMP_01144,PLATEAU STATE POLYTECHNIC,633
COMP_01145,PLEASE PARK,9
COMP_01146,PLEASURE PARK PORT HARCOURT,9
COMP_01147,POLARIS BANK,1
COMP_01148,POLICE HOSPITAL,4
COMP_01149,POOLKING REAL ESTATE,632
COMP_01150,PORATHA HOME 360,632
COMP_01151,PORT HARCOURT ELECTRICITY DISTRIBUTION COMPANY [PHEDC],6
COMP_01152,POSH HOSPITAL ENUGU,4
COMP_01153,"POSH HOTEL, IKEJA",9
COMP_01154,POWELL REAL ESTATE,632
COMP_01155,POWER HOLDING COMPANY OF NIGERIA [PHCN],6
COMP_01156,PREMEDICS HOSPITAL,4
COMP_01157,PREMIUM TRUST BANK,1
COMP_01158,PRESCOT MEDICAL CENTER ALIADE,4
COMP_01159,PRESIDENCY,8
COMP_01160,PRESIDENTIAL HOTEL,9
COMP_01161,PRESKEN HOTEL,9
COMP_01162,PRESTIGE STORE,9
COMP_01163,PRESTON HOSPITAL,4
COMP_01164,PRICEPALLY,7
COMP_01165,PRIMARY HEALTH CARE CENTER,4
COMP_01166,PRIMARY HEALTH CARE IDEKPA OKPIKO,4
COMP_01167,"PRIMARY HEALTH CARE, KUCHIKAU",4
COMP_01168,"PRIMARY HEALTH CARE, MAIADIKO, JOS.",4
COMP_01169,PRIMARY HEALTH CENTER MASAKA,4
COMP_01170,"PRIMARY HEALTH CENTER, MAI'ADIKO, RAYFIELD, PLATEAU STATE",4
COMP_01171,"PRIMARY HEALTH CENTRE, AKOWONJO",4
COMP_01172,PRIMARY SCHOOL,633
COMP_01173,PRIME HOTEL SUITE,9
COMP_01174,PRIME MART FOOD,9
COMP_01175,PRIMEROSE PROPERTIES,632
COMP_01176,"PRINCE ABUBAKAR AUDI UNIVERSITY,KOGI STATE",633
COMP_01177,PRINCE AND PRINCESS HOSPITAL,4
COMP_01178,PRINCESS HOTEL,9
COMP_01179,PRIVATE COMMERCIAL BUS,5
COMP_01180,PRIVATE INTER STATE TRANSPORTATION,5
COMP_01181,PRIVATE/ LANDLORDS,632
COMP_01182,PROCARE HOSPITAL,4
COMP_01183,PROMISE HOSPITAL,4
COMP_01184,PROVIDUS BANK,1
COMP_01185,PUBLIC BUS,5
COMP_01186,PUBLIC CAR,5
COMP_01187,PUBLIC TRANSPORT,5
COMP_01188,PUZZLES GWARIMPA,9
COMP_01189,PWAN,632
COMP_01190,PWAN ELITE,632
COMP_01191,PWAN GROUP,632
COMP_01192,PWAN HAVEN INVESTMENT AND REALTORS LIMITED,632
COMP_01193,PWAN MAX,632
COMP_01194,PWAN PROPERTIES,632
COMP_01195,QATAR AIRWAYS,5
COMP_01196,QICKLINK AND GRILLS,9
COMP_01197,"QUEENS SPECIALIST HOSPITAL, APO RESETTLEMENT ABUJA",4
COMP_01198,R JOLAD,4
COMP_01199,RADIOFERT CLINIC,4
COMP_01200,RADISSON BLU,9
COMP_01201,RADISSON HOTEL,9
COMP_01202,RADIYA HOSPITAL ABUJA,4
COMP_01203,RAENEST,1
COMP_01204,"RAFIU JAFAJO PARK, LAGOS",9
COMP_01205,RALIAH HOSP DUTSE ABUJA,4
COMP_01206,RALO,5
COMP_01207,RANDLE GENERAL HOSPITAL,4
COMP_01208,RANO,5
COMP_01209,RANO AIR,5
COMP_01210,RANZ,9
COMP_01211,"RASHEED SHEKONI TEACHING HOSPITAL, DUTSE",4
COMP_01212,RAUF AREGBESHOLA PHC,4
COMP_01213,RAYFIELD MEDICAL SERVICES,4
COMP_01214,REAL ESTATE AGENTS,632
COMP_01215,REALTYPOINT,632
COMP_01216,RED STAR,7
COMP_01217,REDCARE HMO [REDCARE],3
COMP_01218,REDDINGTON HOSPITAL,4
COMP_01219,REDEEM MEDICAL CENTER,4
COMP_01220,"REDEEMER'S UNIVERSITY, NIGERIA [RUN]",633
COMP_01221,REDEEMERS HEALTH VILLAGE,4
COMP_01222,REDWOOD SPECIALIST HOSPITAL,4
COMP_01223,REFTOP HOMES,632
COMP_01224,REGAL HOSPITAL,4
COMP_01225,"REGINA CEALI HOSPITAL AWKA, ANAMBRA STATE",4
COMP_01226,REGIS AND REINA,4
COMP_01227,REIZ CONTINENTAL HOTEL,9
COMP_01228,RELIANCE CLINIC GBAGADA,4
COMP_01229,RELIANCE HMO [RELIANCE],3
COMP_01230,"RENAISSANCE UNIVERSITY, NKANU WEST, ENUGU",633
COMP_01231,RENMONEY,1
COMP_01232,RENT BETA HOUSE,632
COMP_01233,RESIDENCY HOTEL ENUGU,9
COMP_01234,REVOLUTIONPLUS PROPERTIES,632
COMP_01235,RHEMA UNIVERSITY,633
COMP_01236,RIDA,5
COMP_01237,RIDERS,5
COMP_01238,RITTY,9
COMP_01239,RIVERS JOY TRAVEL & TOURS,5
COMP_01240,RIVERS STATE UNIVERSITY TEACHING HOSPITAL (RSUTH),4
COMP_01241,RIVERS STATE UNIVERSITY [RSU],633
COMP_01242,ROBAN PASTRIES,9
COMP_01243,ROCK FOUNDATION HOSPITAL,4
COMP_01244,ROCK VIEW HOTEL OWERRI,9
COMP_01245,ROCKVIEW HOTEL ABUJA,9
COMP_01246,ROMCHI HOTELS,9
COMP_01247,ROME BUSINESS SCHOOL,633
COMP_01248,ROMEO'S PIZZA,9
COMP_01249,ROTHAUGE HMO,3
COMP_01250,ROYAL BIRD TOWER,9
COMP_01251,ROYAL GARDEN KATSINA,9
COMP_01252,ROYAL RYDERS,5
COMP_01253,ROYAL SPOON,9
COMP_01254,ROYAN HOSPITAL,4
COMP_01255,"RUTALAND AMUSEMENT PARK, PORT HARCOURT",9
COMP_01256,SA FRAGRANCE,7
COMP_01257,SABANA HOSPITAL,4
COMP_01258,SABON TASHA GENERAL HOSPITAL KADUNA,4
COMP_01259,SAFANA ASSOCIATE,632
COMP_01260,SAFEWAY HOSPITAL,4
COMP_01261,SAGAMA CONSTRUCTION COMPANY,632
COMP_01262,SAHAD HOSPITAL ABUJA,4
COMP_01263,SALLYBEST PROPERTIES,632
COMP_01264,SAMAS HOSPITAL,4
COMP_01265,"SAMBO CLINIC, DUTSE",4
COMP_01266,SANDRA HOSPITAL,4
COMP_01267,SANGOTEDO HEALTH CENTRE,4
COMP_01268,SANLAM GENERAL INSURANCE [SANLAM],3
COMP_01269,SANLAM LIFE INSURANCE [SANLAM],3
COMP_01270,SAPOTO HOSPITAL KADUNA,4
COMP_01271,SATUS HOTEL YOLA,9
COMP_01272,SAVANNAH HOSPITAL KADUNA,4
COMP_01273,SAVE DENTAL,4
COMP_01274,SAVORY,9
COMP_01275,"SCHOOL OF NURSING, AWGU, ENUGU",633
COMP_01276,SCORE808TV,634
COMP_01277,SDA,4
COMP_01278,SECDA,5
COMP_01279,SECURITY PERSONNEL AT THE AIRPORT,8
COMP_01280,"SEFCON SUITS, GWARINPA ABUJA",9
COMP_01281,SELAR,7
COMP_01282,SEMAN ESTATE ABUJA,632
COMP_01283,SENTINEL,4
COMP_01284,SHABACH HOSPITAL,4
COMP_01285,SHAFA HOSPITAL,4
COMP_01286,SHALLOM,9
COMP_01287,SHALLOXVOGUE,7
COMP_01288,SHARWAMA KING,9
COMP_01289,SHEBOTIMO FOOD,9
COMP_01290,SHEIN,7
COMP_01291,SHERATON HOTEL ABUJA,9
COMP_01292,SHIRISH HOSPITAL,4
COMP_01293,SHODEX,9
COMP_01294,SHOP INVERSE,7
COMP_01295,SHOPRITE,9
COMP_01296,SHUTTLE,5
COMP_01297,SIFAWA TRANSPORT,5
COMP_01298,"SIKIRU ADETONA COLLEGE OF EDUCATION, SCIENCE AND TECHNOLOGY",633
COMP_01299,SILVERTRAVELS,5
COMP_01300,"SILVERTRAVELS, JOS AIRPORT [JOS]",5
COMP_01301,SIMEON HOSPITAL,4
COMP_01302,SIR YAHAYA MEMORIAL HOSPITAL BIRNIN KEBBI,4
COMP_01303,SKIPPER EYE Q HOSPITAL,4
COMP_01304,SKYHIGH MEDICAL CENTER,4
COMP_01305,SKYMALL,7
COMP_01306,SKYMART,9
COMP_01307,SLAY WITH SOSO,7
COMP_01308,SLOT,7
COMP_01309,SMARTCASH PAYMENT SERVICE BANK [PSB],1
COMP_01310,SMEDAN,8
COMP_01311,SMILE NIGERIA,2
COMP_01312,SNUGFEET,7
COMP_01313,SNUGFEET INTERNATIONAL LIMITED,7
COMP_01314,SOBEL LOGISTICS AND TRAVEL,5
COMP_01315,SOFTEST HOTEL,9
COMP_01316,SOFTMATION,2
COMP_01317,SOHO RESTAURANT,9
COMP_01318,SOJOEE,7
COMP_01319,SOKOTO STATE TRANSPORTATION AUTHORITY,5
COMP_01320,SOLID ROCK HOSITAL,4
COMP_01321,SOLOMON LAR AMUSEMENT PARK JOS,9
COMP_01322,SOVEREIGN TRUST INSURANCE [SOVEREIGN TRUST],3
COMP_01323,SPA,9
COMP_01324,SPECIAL HOSPITAL SOKOTO,4
COMP_01325,"SPECIAL HOSPITAL, MAIDUGURI",4
COMP_01326,SPECIALIST HOSPITAL YOLA,4
COMP_01327,SPECTRANET,2
COMP_01328,SPEEDAF,5
COMP_01329,SPIRIT AIRLINES,5
COMP_01330,SPLASH PARK,9
COMP_01331,SPORTYBET NIGERIA (SPORTYBET),634
COMP_01332,SPRINGS HOSPITAL,4
COMP_01333,SS3 HOTEL JABI ABUJA,9
COMP_01334,ST ATTANATIOUS HOSPITAL,4
COMP_01335,ST DOMINIC CATHOLIC HOSPITAL IBADAN,4
COMP_01336,ST GERALD HOSPITAL KADUNA,4
COMP_01337,ST MARTINS HOSPITAL,4
COMP_01338,ST MICHAEL HOSPITAL,4
COMP_01339,ST NICHOLAS HOSPITAL,4
COMP_01340,ST. IVES HOSPITAL,4
COMP_01341,"ST. LUKE'S HOSPITAL, UYO",4
COMP_01342,ST. RAPHAEL,4
COMP_01343,ST.MARY SPECIALIST HOSPITTAL,4
COMP_01344,STAFFANS HOTEL,9
COMP_01345,STANBIC IBTC BANK,1
COMP_01346,STANBIC IBTC PENSION [STANBIC],3
COMP_01347,STANDARD CHARTERED BANK,1
COMP_01348,STANEL,9
COMP_01349,STARLINK,2
COMP_01350,STATE HOSPITAL OTA,4
COMP_01351,STATE INLAND REVENUE,8
COMP_01352,STATES TRANSPORTATION,5
COMP_01353,STAY ALIVE,4
COMP_01354,STEADFAST GARDEN AND RECREATION KADUNA,9
COMP_01355,STELLAS MICROFINANCE BANK,1
COMP_01356,STEPLENS,632
COMP_01357,STERLING BANK,1
COMP_01358,"STEVANS HOSPITAL, ORI-OKUTA, IKORODU",4
COMP_01359,STICKMAN PARTY,634
COMP_01360,SUBOL HOSPITAL,4
COMP_01361,SUCCESS EXPRESS TRANSPORT,5
COMP_01362,SUJIMOTO GROUP,632
COMP_01363,SUNNY BRIGHT PARK MASS TRANSIT,5
COMP_01364,SUNSHINE HOTEL,9
COMP_01365,SURJEN HOSPITAL,4
COMP_01366,SWEET SENSATION,9
COMP_01367,SYD MONIC HOSPITAL OKOTA,4
COMP_01368,SYNLAB NIGERIA,4
COMP_01369,T&G COLLECTION,7
COMP_01370,TAHIR GUEST PALACE,9
COMP_01371,TAI SOLARIN UNIVERSITY OF EDUCATION [TASUED],633
COMP_01372,TAIWO EXPRESS,5
COMP_01373,TAJBANK,1
COMP_01374,TAM'S PARK,9
COMP_01375,TAMU,7
COMP_01376,TANGERINE LIFE INSURANCE LIMITED [TANGERINE],3
COMP_01377,TANTALIZER'S,9
COMP_01378,TARABA STATE UNIVERSITY [TSU],633
COMP_01379,TASTE AND GRILS,9
COMP_01380,TASTE PALACE BIDA,9
COMP_01381,TASTEE FRIED CHICKEN (TFC),9
COMP_01382,TASTIA RESTAURANT,9
COMP_01383,TASTY FINGERS,9
COMP_01384,TATA BUS,5
COMP_01385,TAXI,5
COMP_01386,TCTC,5
COMP_01387,TEEKA4,7
COMP_01388,TEJU HOSPITAL,4
COMP_01389,TEMPLEHILL FOOD COURT IRE AKARI,9
COMP_01390,TEMU,7
COMP_01391,TGM,5
COMP_01392,THE AFRICAN CHURCH COLLEGE OF EDUCATION,633
COMP_01393,THE ALTERNATIVE BANK [ALTBANK],1
COMP_01394,THE EXCELLENT PLACE,9
COMP_01395,THE FEDERAL CAPITAL TERRITORY [FCT],6
COMP_01396,"THE FEDERAL UNIVERSITY OF TECHNOLOGY, AKURE [FUTA]",633
COMP_01397,"THE GOOD BEACH, LEKKI AJAH",9
COMP_01398,"THE NDUBUISI PARK, IKEJA",9
COMP_01399,THE NEST LOUNGE,9
COMP_01400,THE PEARL HOTEL ALEX EKWUEME WAY,9
COMP_01401,THE PLACE IKEJA,9
COMP_01402,THE PLANT & GARDEN SHOP,7
COMP_01403,"THE POLYTECHNIC, IBADAN",633
COMP_01404,"THE POLYTECHNIC, ILE - IFE",633
COMP_01405,THE SEAPRIDE,9
COMP_01406,THE SHEPHERD MEDICAL CENTRE,4
COMP_01407,THE VINE HOSPITAL,4
COMP_01408,THE YOUNG SHALL GROW,5
COMP_01409,THE ZONE,9
COMP_01410,THOMAS ADEWUMI UNIVERSITY,633
COMP_01411,TIGER BAR,9
COMP_01412,TIM UNITY SPECIALIST HOSPITAL,4
COMP_01413,TINCITY METRO,5
COMP_01414,TIZETI,2
COMP_01415,"TONA HOSPITAL, BENIN",4
COMP_01416,TOP GALAXY HOTEL KADUNA,9
COMP_01417,"TOP RANK HOTEL, ENUGU",9
COMP_01418,"TOP VIEW HOTEL, ABUJA",9
COMP_01419,TOP-UP PARADISE,9
COMP_01420,TOPTEE,4
COMP_01421,"TOSCANA, ASABA",9
COMP_01422,TOTAL HEALTH TRUST HMO(THT),3
COMP_01423,TOUCHHEALTHHOSPITAL,4
COMP_01424,TOWN SERVICES BUSES,5
COMP_01425,TRACAS,5
COMP_01426,TRAIN,5
COMP_01427,TRANEX PLC,5
COMP_01428,TRANSCORP HILTON ABUJA,9
COMP_01429,TRANSIT FROM OSHODI TO OSUN STATE,5
COMP_01430,TRANSPORT SERVICES LIMITED,5
COMP_01431,TRIBEL GLOBAL MOTORS,5
COMP_01432,TRICYCLE,5
COMP_01433,TRIMZONE,7
COMP_01434,TROPHY HOTEL KADUNA,9
COMP_01435,TRUST BOND,632
COMP_01436,TRUST CHARITOS,4
COMP_01437,TRUSTFUND PENSION [TRUSTFUND],3
COMP_01438,TWEAK REAL ESTATE FIRM,632
COMP_01439,TWINS FAJA,9
COMP_01440,TWINSSQUAREKIDDIESANDBABYSHOP,7
COMP_01441,UBER,5
COMP_01442,UBONG ABASI SPECIALIST HOSPITAL,4
COMP_01443,ULTIMATE HEALTH HMO,3
COMP_01444,UN NEAK HOTEL,9
COMP_01445,UNDIES. ISLAND,7
COMP_01446,UNIFIED PAYMENT SERVICE,1
COMP_01447,UNIMEDTH AKURE,4
COMP_01448,UNION BANK,1
COMP_01449,UNIQUE CAESAR,9
COMP_01450,UNITA HOSPITAL,4
COMP_01451,UNITED BANK FOR AFRICA [UBA],1
COMP_01452,UNITED HEALTHCARE,3
COMP_01453,UNITED NIGERIA AIRLINE,5
COMP_01454,UNITY BANK,1
COMP_01455,UNITY CLINIC ABUJA,4
COMP_01456,UNITY HOSPITAL MINNA,4
COMP_01457,"UNITY PARK, ENUGU",9
COMP_01458,UNIVERSAL HOTEL,9
COMP_01459,"UNIVERSITY COLLEGE HOSPITAL, IBADAN",4
COMP_01460,UNIVERSITY OF ABUJA TEACHING HOSPITAL,4
COMP_01461,UNIVERSITY OF ABUJA [UNIABUJA],633
COMP_01462,UNIVERSITY OF BENIN TEACHING HOSPITAL,4
COMP_01463,UNIVERSITY OF BENIN [UNIBEN],633
COMP_01464,UNIVERSITY OF CALABAR TEACHING HOSPITAL - CALABAR,4
COMP_01465,UNIVERSITY OF CALABAR [UNICAL],633
COMP_01466,UNIVERSITY OF IBADAN [UI],633
COMP_01467,UNIVERSITY OF ILORIN TEACHING HOSPITAL,633
COMP_01468,"UNIVERSITY OF ILORIN, KWARA STATE [UNIILORIN]",633
COMP_01469,UNIVERSITY OF JOS [UNIJOS],633
COMP_01470,UNIVERSITY OF LAGOS HEALTH CENTER,4
COMP_01471,UNIVERSITY OF LAGOS [UNILAG],633
COMP_01472,UNIVERSITY OF MAIDUGURI [UNIMAID],633
COMP_01473,UNIVERSITY OF MAIDUGURU TEACHING HOSPITAL MAIDUGURI,4
COMP_01474,UNIVERSITY OF NIGERIA TEACHING HOSPITAL -ENUGU,4
COMP_01475,"UNIVERSITY OF NIGERIA, ENUGU CAMPUS[UNEC]",633
COMP_01476,"UNIVERSITY OF NIGERIA, NSUKKA MEDICAL CENTRE",4
COMP_01477,"UNIVERSITY OF NIGERIA, NSUKKA [UNN]",633
COMP_01478,UNIVERSITY OF OSUN STATE [UNIOSUN],633
COMP_01479,"UNIVERSITY OF PORT HARCOURT TEACH, HOSPITAL (UPTH)",4
COMP_01480,UNIVERSITY OF PORT HARCOURT [UNIPORT],633
COMP_01481,UNIVERSITY OF UYO TEACHING HOSPITAL,4
COMP_01482,UNIVERSITY OF UYO [UNIUYO],633
COMP_01483,UNIVERSITY TEACHING HOSPITAL ADO EKITI,4
COMP_01484,UPBEAT CENTER LEKKI,9
COMP_01485,UPS,5
COMP_01486,URANUS HOMES,9
COMP_01487,URBAN MASS TRANSPORT,5
COMP_01488,USMANU DANFODIYO UNIVERSITY SOKOTO [UDUS],633
COMP_01489,USPLE,632
COMP_01490,UTOPIA HOTELS AND SUITES ENUGU,9
COMP_01491,VALE FINANCE,1
COMP_01492,VEDIC LIFE CARE HOSPITAL,4
COMP_01493,VELTOX,632
COMP_01494,VENUS HOTEL KADUNA,9
COMP_01495,"VERITAS UNIVERSITY, BWARI [VUNA]",633
COMP_01496,VERITASI HOMES,632
COMP_01497,VETA HOSPITAL,4
COMP_01498,VFD MICROFINANCE BANK LIMITED [VBANK],1
COMP_01499,VICLIN DIAMOND ABUJA,9
COMP_01500,VICTORY MEDICAL CENTER,4
COMP_01501,VILLA ANGELI HOTEL,9
COMP_01502,VINE BRANCH HOSPITAL IBADAN,4
COMP_01503,VINTANO HOTEL,9
COMP_01504,VIO,8
COMP_01505,WAZIRI UMARU FEDERAL POLYTECHNIC BIRNIN KEBBI,633
COMP_01506,WAZOBIA TRANSPORT SERVICES,5
COMP_01507,WEMA BANK,1
COMP_01508,WENE COMPUTERS,7
COMP_01509,WEST AFRICAN ASSOCIATION OF CUSTOMER SERVICE PROFESSIONALS [WAACSP],633
COMP_01510,WEST BESTEN,9
COMP_01511,WEST CARE SPECIALIST HOSPITAL,4
COMP_01512,WEST GRILLE,9
COMP_01513,WESTBROM HOTEL,9
COMP_01514,WESTEND HOSPITAL,4
COMP_01515,WESTERN LOTTO,634
COMP_01516,WESTINE HOTEL AND SPA,9
COMP_01517,WHISTLING PALMS BADAGRY,9
COMP_01518,"WIGWE UNIVERSITY, RIVERS",633
COMP_01519,WILD LIFE PARK JOS,9
COMP_01520,"WILLOWWOOD HOTEL, OWERRI",9
COMP_01521,WILLS MEMORIAL CLINIC,4
COMP_01522,WILTON HOTEL,9
COMP_01523,WINNER HOSPITAL,4
COMP_01524,WINNERSGOLDBET (WGB),634
COMP_01525,WINTESS HOTEL,9
COMP_01526,WITNESS GARDEN HOTEL,9
COMP_01527,WIZZY HEYTTE,9
COMP_01528,WOKS & KOI,9
COMP_01529,WORLD BANK HOUSING ESTATE,632
COMP_01530,WUSE DISTRICT HOSPITAL,4
COMP_01531,WUSE GENERAL HOSPITAL,4
COMP_01532,YABA COLLEGE OF TECHNOLOGY [YABATECH],633
COMP_01533,"YAKOYO ABULA, ABUJA",9
COMP_01534,YELLOW BUSES,5
COMP_01535,YELLOW DOOR,9
COMP_01536,YOBE LINE TRANSPORT,5
COMP_01537,YOLA ELECTRICITY DISTRIBUTION COMPANY [YEDC],6
COMP_01538,YOUNG LEGACY TRANSPORT,5
COMP_01539,YUSUF DANTSOHO MEMORIAL HOSPITAL,4
COMP_01540,"YUSUF MAITAMA SULE UNIVERSITY, KANO",633
COMP_01541,ZARA,9
COMP_01542,ZEDVANCE,1
COMP_01543,ZENITH BANK,1
COMP_01544,ZENITH HOSPITAL,4
COMP_01545,ZENITH INSURANCE PLC,3
COMP_01546,ZENITH PRUDENTIAL LIFE INSURANCE [ZENITH PRUDENTIAL],3
COMP_01547,ZEO HOSPITAL,4
COMP_01548,ZEROS,9
COMP_01549,ZYLUS HOMES,632
